{"cameraMode":{"drawMode":0,"name":"Shaded","section":"Shading Mode"},"sceneLighting":true,"audioPlay":false,"sceneViewState":{"m_AlwaysRefresh":false,"showFog":true,"showSkybox":true,"showFlares":true,"showImageEffects":true,"showParticleSystems":true,"showVisualEffectGraphs":true,"m_FxEnabled":true},"in2DMode":false,"pivot":{"x":-2.350754737854004,"y":-2.1236202716827394,"z":53.27461624145508},"rotation":{"x":0.033294398337602618,"y":-0.023675424978137018,"z":0.0007884334190748632,"w":0.9991685748100281},"size":42.6923942565918,"orthographic":false}